samples_5_0.png,https://i.postimg.cc/BvMkzZtw/samples-5-0.png,A Black And White Photo Of A Young Boy
samples_5_1.png,https://i.postimg.cc/kXSr5dhB/samples-5-1.png,A Man With A Beard Wearing A Tie
samples_5_10.png,https://i.postimg.cc/FHm95Rs9/samples-5-10.png,A Close Up Of A Person Wearing A Tie
samples_5_100.png,https://i.postimg.cc/wTCW4y2B/samples-5-100.png,A Man In A Black Shirt And A Tie
samples_5_101.png,https://i.postimg.cc/25m0msPR/samples-5-101.png,A Black And White Photo Of A Black And White Cat
samples_5_102.png,https://i.postimg.cc/nLk0LdJs/samples-5-102.png,A Black And White Photo Of A Black And White Cat
samples_5_103.png,https://i.postimg.cc/C5ZNmSfD/samples-5-103.png,A Man In A Suit And Tie Holding A Toothbrush
samples_5_104.png,https://i.postimg.cc/MT357vXq/samples-5-104.png,A Man In A Suit And Tie Standing In Front Of A Mirror
samples_5_105.png,https://i.postimg.cc/hjtMQ9D2/samples-5-105.png,A Man With A Beard Wearing A Tie
samples_5_106.png,https://i.postimg.cc/9QPBxxzx/samples-5-106.png,A Black And White Photo Of A Vase With Flowers
samples_5_107.png,https://i.postimg.cc/PrwyDfHn/samples-5-107.png,A Black And White Photo Of A Black And White Photo
samples_5_108.png,https://i.postimg.cc/fWF5kt6v/samples-5-108.png,A Close Up Of A Black And White Cat In A Room
samples_5_109.png,https://i.postimg.cc/prgBS4DS/samples-5-109.png,A Close Up Of A Mirror On A Wall
samples_5_11.png,https://i.postimg.cc/tg4pJMxw/samples-5-11.png,A Man Is Taking A Picture Of Himself In A Mirror
samples_5_110.png,https://i.postimg.cc/nhfkG8Vj/samples-5-110.png,A Close Up Of A Cat In A Room
samples_5_111.png,https://i.postimg.cc/cJsBPQnd/samples-5-111.png,A Close Up Of A Person In A Mirror
samples_5_112.png,https://i.postimg.cc/tg2NbY3W/samples-5-112.png,A Close Up Of A Person Holding A Toothbrush
samples_5_113.png,https://i.postimg.cc/rmsCwMjb/samples-5-113.png,A Close Up Of A Person Wearing A Suit And Tie
samples_5_114.png,https://i.postimg.cc/pTSQ941d/samples-5-114.png,A Close Up Of A Red And White Toothbrush
samples_5_115.png,https://i.postimg.cc/6qGrCcDf/samples-5-115.png,A Close Up Of A Person Wearing A Tie
samples_5_116.png,https://i.postimg.cc/jdP9b4Lf/samples-5-116.png,A Black And White Photo Of A Black And White Cat
samples_5_117.png,https://i.postimg.cc/2jqMHDY2/samples-5-117.png,A Man With A Beard Wearing A Red Tie
samples_5_118.png,https://i.postimg.cc/44rMqSNZ/samples-5-118.png,A Black And White Photo Of A Black And White Cat
samples_5_119.png,https://i.postimg.cc/yW4Fj9K4/samples-5-119.png,A Close Up Of A Black And White Striped Cat
samples_5_12.png,https://i.postimg.cc/4x5XJgmp/samples-5-12.png,A Close Up Of A Small Bird In A Field
samples_5_120.png,https://i.postimg.cc/Gmj5B3Ph/samples-5-120.png,A Close Up Of A Person Wearing A Tie
samples_5_121.png,https://i.postimg.cc/Njtnf2Hz/samples-5-121.png,A Close Up Of A Black And White Cat
samples_5_122.png,https://i.postimg.cc/N0JC4NP3/samples-5-122.png,A Man With A Beard And A Tie In A Room
samples_5_123.png,https://i.postimg.cc/N0fPRhb8/samples-5-123.png,A Close Up Of A Black And White Cat
samples_5_124.png,https://i.postimg.cc/BZ17TB5z/samples-5-124.png,A Black And White Photo Of A Grass Field
samples_5_125.png,https://i.postimg.cc/mkMdTT24/samples-5-125.png,A Man With A Beard Wearing A Tie And Glasses
samples_5_126.png,https://i.postimg.cc/Jns6dbfG/samples-5-126.png,A Close Up Of A Red And White Striped Tie
samples_5_127.png,https://i.postimg.cc/RF2srWmG/samples-5-127.png,A Black And White Photo Of A Black And White Cat
samples_5_128.png,https://i.postimg.cc/sgKTj6yM/samples-5-128.png,A Black And White Photo Of A Black And White Photo
samples_5_129.png,https://i.postimg.cc/pXbGq5qL/samples-5-129.png,A Black And White Photo Of A Black And White Cat
samples_5_13.png,https://i.postimg.cc/ZR9mFvjL/samples-5-13.png,A Black And White Photo Of A Black And White Cat
samples_5_130.png,https://i.postimg.cc/VLq7TsVB/samples-5-130.png,A Black And White Photo Of A Black And White Striped Tie
samples_5_131.png,https://i.postimg.cc/9Qcxj533/samples-5-131.png,A Black And White Photo Of A Black And White Photo
samples_5_132.png,https://i.postimg.cc/HLh35rrH/samples-5-132.png,A Close Up Of A Person Holding A Toothbrush
samples_5_133.png,https://i.postimg.cc/CK1mzGLm/samples-5-133.png,A Black And White Photo Of A Black And White Background
samples_5_134.png,https://i.postimg.cc/FRkpxhSS/samples-5-134.png,A Close Up Of A Black And White Cat
samples_5_135.png,https://i.postimg.cc/j2VXgB6F/samples-5-135.png,A Black And White Photo Of A Black And White Cat
samples_5_136.png,https://i.postimg.cc/SQ8V2NkF/samples-5-136.png,A Black And White Photo Of A Red And White Striped Tie
samples_5_137.png,https://i.postimg.cc/rsS9vgQF/samples-5-137.png,A Close Up Of A Cat On A Window Sill
samples_5_138.png,https://i.postimg.cc/4NQ5PLYW/samples-5-138.png,A Black And White Photo Of A Bathroom Sink
samples_5_139.png,https://i.postimg.cc/DyT6qkwW/samples-5-139.png,A Man In A Suit And Tie Holding A Camera
samples_5_14.png,https://i.postimg.cc/jj3K7465/samples-5-14.png,A Black And White Photo Of A Black And White Cat
samples_5_140.png,https://i.postimg.cc/t4RzM3Pp/samples-5-140.png,A Close Up Of A Person In A Field
samples_5_141.png,https://i.postimg.cc/XY2gSrcF/samples-5-141.png,A Close Up Of A Black And White Picture Of A Zebra
samples_5_142.png,https://i.postimg.cc/mrtybT8n/samples-5-142.png,A Black And White Cat Is Sitting In The Dark
samples_5_143.png,https://i.postimg.cc/hG6bvNYt/samples-5-143.png,A Man With A Beard Wearing A Tie
samples_5_144.png,https://i.postimg.cc/0jdptjyz/samples-5-144.png,A Close Up Of A Cat In A Window
samples_5_145.png,https://i.postimg.cc/QCrQk1hL/samples-5-145.png,A Close Up Of A Black And White Cat On A Window Sill
samples_5_146.png,https://i.postimg.cc/d1CRy4Mm/samples-5-146.png,A Man In A Suit And Tie Taking A Selfie
samples_5_147.png,https://i.postimg.cc/fTCcmVPF/samples-5-147.png,A Man In A Black Shirt And A Black Tie
samples_5_148.png,https://i.postimg.cc/T3Pr9RMP/samples-5-148.png,A Close Up Of A Person Holding A Cell Phone
samples_5_149.png,https://i.postimg.cc/wjbD4SgQ/samples-5-149.png,A Man With A Beard Wearing A Tie
samples_5_15.png,https://i.postimg.cc/Y9JHX2sB/samples-5-15.png,A Black And White Photo Of A Black And White Cat
samples_5_150.png,https://i.postimg.cc/ncpKX43B/samples-5-150.png,A Man With A Beard Wearing A Hat And A Tie
samples_5_151.png,https://i.postimg.cc/zDnSDtFq/samples-5-151.png,A Black And White Photo Of A Black And White Photo
samples_5_152.png,https://i.postimg.cc/xdJMwtdD/samples-5-152.png,A Cat Is Looking Out Of A Window
samples_5_153.png,https://i.postimg.cc/k50KqKVV/samples-5-153.png,A Black And White Photo Of A Man In A Mirror
samples_5_154.png,https://i.postimg.cc/JnjJn0Jp/samples-5-154.png,A Close Up Of A Tooth Brush In A Bathroom
samples_5_155.png,https://i.postimg.cc/7hDzT4nw/samples-5-155.png,A Close Up Of A Person Wearing A Tie
samples_5_156.png,https://i.postimg.cc/QCbTQzf5/samples-5-156.png,A Man In A Suit And Tie Standing In Front Of A Mirror
samples_5_157.png,https://i.postimg.cc/1Rcw1gyt/samples-5-157.png,A Man With A Beard Wearing A Tie And A Hat
samples_5_158.png,https://i.postimg.cc/TYdmdRPc/samples-5-158.png,A Close Up Of A Black And White Cat
samples_5_159.png,https://i.postimg.cc/GhXD9Z8n/samples-5-159.png,A Man In A Suit And Tie Holding A Teddy Bear
samples_5_16.png,https://i.postimg.cc/ZKzmpRNr/samples-5-16.png,A Black And White Photo Of A Black And White Photo
samples_5_160.png,https://i.postimg.cc/hGdQyvCK/samples-5-160.png,A Man In A Suit And Tie Is Holding A Teddy Bear
samples_5_161.png,https://i.postimg.cc/NjVrkmkN/samples-5-161.png,A Man With A Beard Wearing A Tie
samples_5_162.png,https://i.postimg.cc/RZqHtXK6/samples-5-162.png,A Man In A Suit And Tie Holding A Teddy Bear
samples_5_163.png,https://i.postimg.cc/FRXd2vq3/samples-5-163.png,A Close Up Of A Person Brushing His Teeth
samples_5_164.png,https://i.postimg.cc/V69rwTQT/samples-5-164.png,A Close Up Of A Person Wearing A Tie
samples_5_165.png,https://i.postimg.cc/L5Hq8Tms/samples-5-165.png,A Close Up Of A Person Wearing A Tie
samples_5_166.png,https://i.postimg.cc/05fMHLCK/samples-5-166.png,A Man In A Suit And Tie Holding A Toothbrush
samples_5_167.png,https://i.postimg.cc/6qY82vQf/samples-5-167.png,A Close Up Of A Black And White Striped Cat
samples_5_168.png,https://i.postimg.cc/6p78qTxC/samples-5-168.png,A Close Up Of A Person Wearing A Suit And Tie
samples_5_169.png,https://i.postimg.cc/qMDtpySk/samples-5-169.png,A Close Up Of A Person Wearing A Tie
samples_5_17.png,https://i.postimg.cc/7P2D575H/samples-5-17.png,A Close Up Of A Person Wearing A Suit And Tie
samples_5_170.png,https://i.postimg.cc/yY8gqvfQ/samples-5-170.png,A Man Holding A Toothbrush In His Mouth
samples_5_171.png,https://i.postimg.cc/0yLbwx9F/samples-5-171.png,A Man Is Standing In Front Of A Mirror
samples_5_172.png,https://i.postimg.cc/G2RtXQ8j/samples-5-172.png,A Man With A Beard Wearing A Tie
samples_5_173.png,https://i.postimg.cc/3wmWj6RR/samples-5-173.png,A Close Up Of A Black And White Striped Cat
samples_5_174.png,https://i.postimg.cc/RFTFyHwx/samples-5-174.png,A Man In A Suit And Tie Holding A Teddy Bear
samples_5_175.png,https://i.postimg.cc/VvGNLP77/samples-5-175.png,A Man In A Suit And Tie Holding A Toothbrush
samples_5_176.png,https://i.postimg.cc/prXTHLBh/samples-5-176.png,A Black And White Photo Of A Black And White Cat
samples_5_177.png,https://i.postimg.cc/HsNLqH8n/samples-5-177.png,A Black And White Photo Of A Black And White Cat
samples_5_178.png,https://i.postimg.cc/L65XQhXG/samples-5-178.png,A Close Up Of A Person Holding A Tooth Brush
samples_5_179.png,https://i.postimg.cc/DfB0c12q/samples-5-179.png,A Black And White Photo Of A Small Room
samples_5_18.png,https://i.postimg.cc/PJYk0Ggp/samples-5-18.png,A Close Up Of A Red And White Striped Object
samples_5_180.png,https://i.postimg.cc/QdWMsPcb/samples-5-180.png,A Black And White Photo Of A Black And White Cat
samples_5_181.png,https://i.postimg.cc/MTzZ7pNP/samples-5-181.png,A Man With A Beard Wearing A Tie And Glasses
samples_5_182.png,https://i.postimg.cc/XqJVPDV9/samples-5-182.png,A Close Up Of A Person Wearing A Suit And Tie
samples_5_183.png,https://i.postimg.cc/HLDkL22C/samples-5-183.png,A Black And White Photo Of A Man In A Tie
samples_5_184.png,https://i.postimg.cc/TwQdCXXR/samples-5-184.png,A Close Up Of A Person Holding A Toothbrush
samples_5_185.png,https://i.postimg.cc/FKyskLWk/samples-5-185.png,A Black And White Cat Sitting On A Window Sill
samples_5_186.png,https://i.postimg.cc/kX2JFZYm/samples-5-186.png,A Close Up Of A Person Holding A Toothbrush
samples_5_187.png,https://i.postimg.cc/05W5Sxfn/samples-5-187.png,A Close Up Of A Person 'S Reflection In A Mirror
samples_5_188.png,https://i.postimg.cc/CL9FvN9f/samples-5-188.png,A Close Up Of A Small Black And White Bird
samples_5_189.png,https://i.postimg.cc/9QTcs9jg/samples-5-189.png,A Close Up Of A Black And White Cat
samples_5_19.png,https://i.postimg.cc/6QqxtGsN/samples-5-19.png,A Man Wearing A Tie And A White Shirt
samples_5_190.png,https://i.postimg.cc/25DCY5kk/samples-5-190.png,A Close Up Of A Small Bird In A Field
samples_5_191.png,https://i.postimg.cc/zfF8G1vn/samples-5-191.png,A Close Up Of A Red And White Fire Hydrant
samples_5_192.png,https://i.postimg.cc/Vvd8grRR/samples-5-192.png,A Man In A Suit And Tie Holding A Teddy Bear
samples_5_193.png,https://i.postimg.cc/pTVx9153/samples-5-193.png,A Black And White Cat Sitting In A Window Sill
samples_5_194.png,https://i.postimg.cc/63HKCLdq/samples-5-194.png,A Black And White Photo Of A Zebra Standing In A Field
samples_5_195.png,https://i.postimg.cc/fyphrzqh/samples-5-195.png,A Black And White Photo Of A Cat In A Room
samples_5_196.png,https://i.postimg.cc/L4bRXD90/samples-5-196.png,A Man Taking A Picture Of Himself In A Mirror
samples_5_197.png,https://i.postimg.cc/zXHNRh3D/samples-5-197.png,A Close Up Of A Small Zebra In A Field
samples_5_198.png,https://i.postimg.cc/6psXVQGr/samples-5-198.png,A Close Up Of A Person Wearing A Suit And Tie
samples_5_199.png,https://i.postimg.cc/NMPhKGcr/samples-5-199.png,A Man With A Beard Wearing A Tie And Glasses
samples_5_2.png,https://i.postimg.cc/W42xSqpk/samples-5-2.png,A Black And White Photo Of A Black And White Cat
samples_5_20.png,https://i.postimg.cc/NFh36JKg/samples-5-20.png,A Black And White Cat Standing In A Field
samples_5_200.png,https://i.postimg.cc/7ZgyKygp/samples-5-200.png,A Close Up Of A Person Holding A Tooth Brush
samples_5_201.png,https://i.postimg.cc/tgpGfmk7/samples-5-201.png,A Black And White Photo Of A Black And White Cat
samples_5_202.png,https://i.postimg.cc/6QcxNLbc/samples-5-202.png,A Black And White Photo Of A Black And White Cat
samples_5_203.png,https://i.postimg.cc/hjGW4zHB/samples-5-203.png,A Black And White Photo Of A Black And White Cat
samples_5_204.png,https://i.postimg.cc/FHXMdn2G/samples-5-204.png,A Black And White Photo Of A Black And White Cat
samples_5_205.png,https://i.postimg.cc/dQpPv06b/samples-5-205.png,A Close Up Of A Small Bird On A Field
samples_5_206.png,https://i.postimg.cc/0j6TDgkX/samples-5-206.png,A Close Up Of A Red And White Striped Tie
samples_5_207.png,https://i.postimg.cc/7Z1pgn44/samples-5-207.png,A Close Up Of A Person Holding A Cell Phone
samples_5_208.png,https://i.postimg.cc/gjffKMrz/samples-5-208.png,A Man With A Beard Wearing A Tie
samples_5_209.png,https://i.postimg.cc/Jh6zMLGG/samples-5-209.png,A Man In A Suit And Tie Holding A Toothbrush
samples_5_21.png,https://i.postimg.cc/vH7szs7C/samples-5-21.png,A Black And White Photo Of A Black And White Cat
