samples_5_210.png,https://i.postimg.cc/hjXPG5dM/samples-5-210.png
samples_5_211.png,https://i.postimg.cc/9MsXwYP2/samples-5-211.png
samples_5_212.png,https://i.postimg.cc/6qRWr4zv/samples-5-212.png
samples_5_213.png,https://i.postimg.cc/L6t4hfJd/samples-5-213.png
samples_5_214.png,https://i.postimg.cc/hGjKC5pg/samples-5-214.png
samples_5_215.png,https://i.postimg.cc/tRV4Q8y4/samples-5-215.png
samples_5_216.png,https://i.postimg.cc/ZKtKTjKF/samples-5-216.png
samples_5_217.png,https://i.postimg.cc/vZXQts73/samples-5-217.png
samples_5_218.png,https://i.postimg.cc/9Qcm9M9D/samples-5-218.png
samples_5_219.png,https://i.postimg.cc/XJB4WBRz/samples-5-219.png
samples_5_22.png,https://i.postimg.cc/zBRmRZXt/samples-5-22.png
samples_5_220.png,https://i.postimg.cc/xd4nB34m/samples-5-220.png
samples_5_221.png,https://i.postimg.cc/Fzjvd5sb/samples-5-221.png
samples_5_222.png,https://i.postimg.cc/Rhr9ZV9V/samples-5-222.png
samples_5_223.png,https://i.postimg.cc/YqzktHPM/samples-5-223.png
samples_5_224.png,https://i.postimg.cc/XNF4DFcZ/samples-5-224.png
samples_5_225.png,https://i.postimg.cc/fRWsLP4X/samples-5-225.png
samples_5_226.png,https://i.postimg.cc/zXr8mB0x/samples-5-226.png
samples_5_227.png,https://i.postimg.cc/Vk78bF1h/samples-5-227.png
samples_5_228.png,https://i.postimg.cc/JhGW3Bzz/samples-5-228.png
samples_5_229.png,https://i.postimg.cc/FRS585ct/samples-5-229.png
samples_5_23.png,https://i.postimg.cc/d38z42CG/samples-5-23.png
samples_5_230.png,https://i.postimg.cc/6QgxM58L/samples-5-230.png
samples_5_231.png,https://i.postimg.cc/RhQrC7XX/samples-5-231.png
samples_5_232.png,https://i.postimg.cc/MH828Pbn/samples-5-232.png
samples_5_233.png,https://i.postimg.cc/RV45sYZ8/samples-5-233.png
samples_5_234.png,https://i.postimg.cc/SQWbG4kC/samples-5-234.png
samples_5_235.png,https://i.postimg.cc/52tc1FvS/samples-5-235.png
samples_5_236.png,https://i.postimg.cc/gks9fKw0/samples-5-236.png
samples_5_237.png,https://i.postimg.cc/x1pwdT3D/samples-5-237.png
samples_5_238.png,https://i.postimg.cc/nLs69b3s/samples-5-238.png
samples_5_239.png,https://i.postimg.cc/0QDFZGRP/samples-5-239.png
samples_5_24.png,https://i.postimg.cc/T3CvzJ49/samples-5-24.png
samples_5_240.png,https://i.postimg.cc/XvTtwHPs/samples-5-240.png
samples_5_241.png,https://i.postimg.cc/HnmKNJd5/samples-5-241.png
samples_5_242.png,https://i.postimg.cc/ryG7r9N9/samples-5-242.png
samples_5_243.png,https://i.postimg.cc/x8P7V01Z/samples-5-243.png
samples_5_244.png,https://i.postimg.cc/GhcVJsMn/samples-5-244.png
samples_5_245.png,https://i.postimg.cc/J4PgT4gD/samples-5-245.png
samples_5_246.png,https://i.postimg.cc/y8xG2C4f/samples-5-246.png
samples_5_247.png,https://i.postimg.cc/RZYYBpvv/samples-5-247.png
samples_5_248.png,https://i.postimg.cc/Gps5hPpG/samples-5-248.png
samples_5_249.png,https://i.postimg.cc/zBZPLLLM/samples-5-249.png
samples_5_25.png,https://i.postimg.cc/9fk5MFVw/samples-5-25.png
samples_5_250.png,https://i.postimg.cc/j2RgXG44/samples-5-250.png
samples_5_251.png,https://i.postimg.cc/RF7pwMK0/samples-5-251.png
samples_5_252.png,https://i.postimg.cc/vHH26wBQ/samples-5-252.png
samples_5_253.png,https://i.postimg.cc/T2cHw3T7/samples-5-253.png
samples_5_254.png,https://i.postimg.cc/MHtsrds2/samples-5-254.png
samples_5_255.png,https://i.postimg.cc/RVss7p6w/samples-5-255.png
samples_5_256.png,https://i.postimg.cc/bvbmjz6R/samples-5-256.png
samples_5_257.png,https://i.postimg.cc/DwSCBQLH/samples-5-257.png
samples_5_258.png,https://i.postimg.cc/XYtshZgJ/samples-5-258.png
samples_5_259.png,https://i.postimg.cc/nzJ0F6gf/samples-5-259.png
samples_5_26.png,https://i.postimg.cc/dVqKNx43/samples-5-26.png
samples_5_260.png,https://i.postimg.cc/76nXfKrG/samples-5-260.png
samples_5_261.png,https://i.postimg.cc/8cyHbs5T/samples-5-261.png
samples_5_262.png,https://i.postimg.cc/SRQd8cmZ/samples-5-262.png
samples_5_263.png,https://i.postimg.cc/Y28b7DxT/samples-5-263.png
samples_5_264.png,https://i.postimg.cc/Gh5K8BVQ/samples-5-264.png
samples_5_265.png,https://i.postimg.cc/9FM1QP80/samples-5-265.png
samples_5_266.png,https://i.postimg.cc/XYB8wj00/samples-5-266.png
samples_5_267.png,https://i.postimg.cc/3wMZ1sK0/samples-5-267.png
samples_5_268.png,https://i.postimg.cc/DzqPMxZj/samples-5-268.png
samples_5_269.png,https://i.postimg.cc/wvgQ8DR6/samples-5-269.png
samples_5_27.png,https://i.postimg.cc/qvB9xCvC/samples-5-27.png
samples_5_270.png,https://i.postimg.cc/PxyztN11/samples-5-270.png
samples_5_271.png,https://i.postimg.cc/0jNGrxCF/samples-5-271.png
samples_5_272.png,https://i.postimg.cc/x8Fvz7xC/samples-5-272.png
samples_5_273.png,https://i.postimg.cc/nVdYgjFJ/samples-5-273.png
samples_5_274.png,https://i.postimg.cc/jdLQbx2J/samples-5-274.png
samples_5_275.png,https://i.postimg.cc/X7mKNRB1/samples-5-275.png
samples_5_276.png,https://i.postimg.cc/jjrzPyXz/samples-5-276.png
samples_5_277.png,https://i.postimg.cc/jSfHDMzx/samples-5-277.png
samples_5_278.png,https://i.postimg.cc/R0QwRqs2/samples-5-278.png
samples_5_279.png,https://i.postimg.cc/504Lk1Dy/samples-5-279.png
samples_5_28.png,https://i.postimg.cc/zXNm3Qm7/samples-5-28.png
samples_5_280.png,https://i.postimg.cc/DZxs9HKg/samples-5-280.png
samples_5_281.png,https://i.postimg.cc/4yntsPfT/samples-5-281.png
samples_5_282.png,https://i.postimg.cc/kGZS4SGR/samples-5-282.png
samples_5_283.png,https://i.postimg.cc/jdwN1M3H/samples-5-283.png
samples_5_284.png,https://i.postimg.cc/05HDZTn5/samples-5-284.png
samples_5_285.png,https://i.postimg.cc/cLf3xrS6/samples-5-285.png
samples_5_286.png,https://i.postimg.cc/X7RF69tT/samples-5-286.png
samples_5_287.png,https://i.postimg.cc/s2yhvsjm/samples-5-287.png
samples_5_288.png,https://i.postimg.cc/fLRSfC00/samples-5-288.png
samples_5_289.png,https://i.postimg.cc/tg5V6w7j/samples-5-289.png
samples_5_29.png,https://i.postimg.cc/9frKv5Tm/samples-5-29.png
samples_5_290.png,https://i.postimg.cc/63b2jZdb/samples-5-290.png
samples_5_291.png,https://i.postimg.cc/j2WWGjcx/samples-5-291.png
samples_5_292.png,https://i.postimg.cc/prg9xtcD/samples-5-292.png
samples_5_293.png,https://i.postimg.cc/sf8G5pfv/samples-5-293.png
samples_5_294.png,https://i.postimg.cc/FsLdp71G/samples-5-294.png
samples_5_295.png,https://i.postimg.cc/dVc7xwyF/samples-5-295.png
samples_5_296.png,https://i.postimg.cc/XYKZMmfC/samples-5-296.png
samples_5_297.png,https://i.postimg.cc/PNsq9QNy/samples-5-297.png
samples_5_298.png,https://i.postimg.cc/63PqLXXD/samples-5-298.png
samples_5_299.png,https://i.postimg.cc/KYJRjTsc/samples-5-299.png
samples_5_3.png,https://i.postimg.cc/0rRBSbHr/samples-5-3.png
samples_5_30.png,https://i.postimg.cc/prtShmSr/samples-5-30.png
samples_5_300.png,https://i.postimg.cc/0N8z9nnH/samples-5-300.png
samples_5_301.png,https://i.postimg.cc/G2t9ypZF/samples-5-301.png
samples_5_302.png,https://i.postimg.cc/Gts2X539/samples-5-302.png
samples_5_303.png,https://i.postimg.cc/Dftd7VXj/samples-5-303.png
samples_5_304.png,https://i.postimg.cc/FFfVtF7k/samples-5-304.png
samples_5_305.png,https://i.postimg.cc/YqYN9XNp/samples-5-305.png
samples_5_306.png,https://i.postimg.cc/52mw56kT/samples-5-306.png
samples_5_307.png,https://i.postimg.cc/nLRB5Nx1/samples-5-307.png
samples_5_308.png,https://i.postimg.cc/YC76m18Q/samples-5-308.png
samples_5_309.png,https://i.postimg.cc/Qtv5N5H9/samples-5-309.png
samples_5_31.png,https://i.postimg.cc/nhdNRcXS/samples-5-31.png
samples_5_310.png,https://i.postimg.cc/nLcq3pyz/samples-5-310.png
samples_5_311.png,https://i.postimg.cc/0QzDqZ21/samples-5-311.png
samples_5_312.png,https://i.postimg.cc/MHRBnTQs/samples-5-312.png
samples_5_313.png,https://i.postimg.cc/8krMKy0h/samples-5-313.png
samples_5_314.png,https://i.postimg.cc/65rRw8wq/samples-5-314.png
samples_5_315.png,https://i.postimg.cc/RV5fjck2/samples-5-315.png
samples_5_316.png,https://i.postimg.cc/NjbH9ZKw/samples-5-316.png
samples_5_317.png,https://i.postimg.cc/YCtFStq3/samples-5-317.png
samples_5_318.png,https://i.postimg.cc/mr51VM3X/samples-5-318.png
samples_5_319.png,https://i.postimg.cc/5t0FwpzQ/samples-5-319.png
samples_5_32.png,https://i.postimg.cc/ncGym1pJ/samples-5-32.png
samples_5_320.png,https://i.postimg.cc/1Xxn1QjD/samples-5-320.png
samples_5_321.png,https://i.postimg.cc/9MwRkMJW/samples-5-321.png