samples_5_0.png,https://i.postimg.cc/BvMkzZtw/samples-5-0.png
samples_5_1.png,https://i.postimg.cc/kXSr5dhB/samples-5-1.png
samples_5_10.png,https://i.postimg.cc/FHm95Rs9/samples-5-10.png
samples_5_100.png,https://i.postimg.cc/wTCW4y2B/samples-5-100.png
samples_5_101.png,https://i.postimg.cc/25m0msPR/samples-5-101.png
samples_5_102.png,https://i.postimg.cc/nLk0LdJs/samples-5-102.png
samples_5_103.png,https://i.postimg.cc/C5ZNmSfD/samples-5-103.png
samples_5_104.png,https://i.postimg.cc/MT357vXq/samples-5-104.png
samples_5_105.png,https://i.postimg.cc/hjtMQ9D2/samples-5-105.png
samples_5_106.png,https://i.postimg.cc/9QPBxxzx/samples-5-106.png
samples_5_107.png,https://i.postimg.cc/PrwyDfHn/samples-5-107.png
samples_5_108.png,https://i.postimg.cc/fWF5kt6v/samples-5-108.png
samples_5_109.png,https://i.postimg.cc/prgBS4DS/samples-5-109.png
samples_5_11.png,https://i.postimg.cc/tg4pJMxw/samples-5-11.png
samples_5_110.png,https://i.postimg.cc/nhfkG8Vj/samples-5-110.png
samples_5_111.png,https://i.postimg.cc/cJsBPQnd/samples-5-111.png
samples_5_112.png,https://i.postimg.cc/tg2NbY3W/samples-5-112.png
samples_5_113.png,https://i.postimg.cc/rmsCwMjb/samples-5-113.png
samples_5_114.png,https://i.postimg.cc/pTSQ941d/samples-5-114.png
samples_5_115.png,https://i.postimg.cc/6qGrCcDf/samples-5-115.png
samples_5_116.png,https://i.postimg.cc/jdP9b4Lf/samples-5-116.png
samples_5_117.png,https://i.postimg.cc/2jqMHDY2/samples-5-117.png
samples_5_118.png,https://i.postimg.cc/44rMqSNZ/samples-5-118.png
samples_5_119.png,https://i.postimg.cc/yW4Fj9K4/samples-5-119.png
samples_5_12.png,https://i.postimg.cc/4x5XJgmp/samples-5-12.png
samples_5_120.png,https://i.postimg.cc/Gmj5B3Ph/samples-5-120.png
samples_5_121.png,https://i.postimg.cc/Njtnf2Hz/samples-5-121.png
samples_5_122.png,https://i.postimg.cc/N0JC4NP3/samples-5-122.png
samples_5_123.png,https://i.postimg.cc/N0fPRhb8/samples-5-123.png
samples_5_124.png,https://i.postimg.cc/BZ17TB5z/samples-5-124.png
samples_5_125.png,https://i.postimg.cc/mkMdTT24/samples-5-125.png
samples_5_126.png,https://i.postimg.cc/Jns6dbfG/samples-5-126.png
samples_5_127.png,https://i.postimg.cc/RF2srWmG/samples-5-127.png
samples_5_128.png,https://i.postimg.cc/sgKTj6yM/samples-5-128.png
samples_5_129.png,https://i.postimg.cc/pXbGq5qL/samples-5-129.png
samples_5_13.png,https://i.postimg.cc/ZR9mFvjL/samples-5-13.png
samples_5_130.png,https://i.postimg.cc/VLq7TsVB/samples-5-130.png
samples_5_131.png,https://i.postimg.cc/9Qcxj533/samples-5-131.png
samples_5_132.png,https://i.postimg.cc/HLh35rrH/samples-5-132.png
samples_5_133.png,https://i.postimg.cc/CK1mzGLm/samples-5-133.png
samples_5_134.png,https://i.postimg.cc/FRkpxhSS/samples-5-134.png
samples_5_135.png,https://i.postimg.cc/j2VXgB6F/samples-5-135.png
samples_5_136.png,https://i.postimg.cc/SQ8V2NkF/samples-5-136.png
samples_5_137.png,https://i.postimg.cc/rsS9vgQF/samples-5-137.png
samples_5_138.png,https://i.postimg.cc/4NQ5PLYW/samples-5-138.png
samples_5_139.png,https://i.postimg.cc/DyT6qkwW/samples-5-139.png
samples_5_14.png,https://i.postimg.cc/jj3K7465/samples-5-14.png
samples_5_140.png,https://i.postimg.cc/t4RzM3Pp/samples-5-140.png
samples_5_141.png,https://i.postimg.cc/XY2gSrcF/samples-5-141.png
samples_5_142.png,https://i.postimg.cc/mrtybT8n/samples-5-142.png
samples_5_143.png,https://i.postimg.cc/hG6bvNYt/samples-5-143.png
samples_5_144.png,https://i.postimg.cc/0jdptjyz/samples-5-144.png
samples_5_145.png,https://i.postimg.cc/QCrQk1hL/samples-5-145.png
samples_5_146.png,https://i.postimg.cc/d1CRy4Mm/samples-5-146.png
samples_5_147.png,https://i.postimg.cc/fTCcmVPF/samples-5-147.png
samples_5_148.png,https://i.postimg.cc/T3Pr9RMP/samples-5-148.png
samples_5_149.png,https://i.postimg.cc/wjbD4SgQ/samples-5-149.png
samples_5_15.png,https://i.postimg.cc/Y9JHX2sB/samples-5-15.png
samples_5_150.png,https://i.postimg.cc/ncpKX43B/samples-5-150.png
samples_5_151.png,https://i.postimg.cc/zDnSDtFq/samples-5-151.png
samples_5_152.png,https://i.postimg.cc/xdJMwtdD/samples-5-152.png
samples_5_153.png,https://i.postimg.cc/k50KqKVV/samples-5-153.png
samples_5_154.png,https://i.postimg.cc/JnjJn0Jp/samples-5-154.png
samples_5_155.png,https://i.postimg.cc/7hDzT4nw/samples-5-155.png
samples_5_156.png,https://i.postimg.cc/QCbTQzf5/samples-5-156.png
samples_5_157.png,https://i.postimg.cc/1Rcw1gyt/samples-5-157.png
samples_5_158.png,https://i.postimg.cc/TYdmdRPc/samples-5-158.png
samples_5_159.png,https://i.postimg.cc/GhXD9Z8n/samples-5-159.png
samples_5_16.png,https://i.postimg.cc/ZKzmpRNr/samples-5-16.png
samples_5_160.png,https://i.postimg.cc/hGdQyvCK/samples-5-160.png
samples_5_161.png,https://i.postimg.cc/NjVrkmkN/samples-5-161.png
samples_5_162.png,https://i.postimg.cc/RZqHtXK6/samples-5-162.png
samples_5_163.png,https://i.postimg.cc/FRXd2vq3/samples-5-163.png
samples_5_164.png,https://i.postimg.cc/V69rwTQT/samples-5-164.png
samples_5_165.png,https://i.postimg.cc/L5Hq8Tms/samples-5-165.png
samples_5_166.png,https://i.postimg.cc/05fMHLCK/samples-5-166.png
samples_5_167.png,https://i.postimg.cc/6qY82vQf/samples-5-167.png
samples_5_168.png,https://i.postimg.cc/6p78qTxC/samples-5-168.png
samples_5_169.png,https://i.postimg.cc/qMDtpySk/samples-5-169.png
samples_5_17.png,https://i.postimg.cc/7P2D575H/samples-5-17.png
samples_5_170.png,https://i.postimg.cc/yY8gqvfQ/samples-5-170.png
samples_5_171.png,https://i.postimg.cc/0yLbwx9F/samples-5-171.png
samples_5_172.png,https://i.postimg.cc/G2RtXQ8j/samples-5-172.png
samples_5_173.png,https://i.postimg.cc/3wmWj6RR/samples-5-173.png
samples_5_174.png,https://i.postimg.cc/RFTFyHwx/samples-5-174.png
samples_5_175.png,https://i.postimg.cc/VvGNLP77/samples-5-175.png
samples_5_176.png,https://i.postimg.cc/prXTHLBh/samples-5-176.png
samples_5_177.png,https://i.postimg.cc/HsNLqH8n/samples-5-177.png
samples_5_178.png,https://i.postimg.cc/L65XQhXG/samples-5-178.png
samples_5_179.png,https://i.postimg.cc/DfB0c12q/samples-5-179.png
samples_5_18.png,https://i.postimg.cc/PJYk0Ggp/samples-5-18.png
samples_5_180.png,https://i.postimg.cc/QdWMsPcb/samples-5-180.png
samples_5_181.png,https://i.postimg.cc/MTzZ7pNP/samples-5-181.png
samples_5_182.png,https://i.postimg.cc/XqJVPDV9/samples-5-182.png
samples_5_183.png,https://i.postimg.cc/HLDkL22C/samples-5-183.png
samples_5_184.png,https://i.postimg.cc/TwQdCXXR/samples-5-184.png
samples_5_185.png,https://i.postimg.cc/FKyskLWk/samples-5-185.png
samples_5_186.png,https://i.postimg.cc/kX2JFZYm/samples-5-186.png
samples_5_187.png,https://i.postimg.cc/05W5Sxfn/samples-5-187.png
samples_5_188.png,https://i.postimg.cc/CL9FvN9f/samples-5-188.png
samples_5_189.png,https://i.postimg.cc/9QTcs9jg/samples-5-189.png
samples_5_19.png,https://i.postimg.cc/6QqxtGsN/samples-5-19.png
samples_5_190.png,https://i.postimg.cc/25DCY5kk/samples-5-190.png
samples_5_191.png,https://i.postimg.cc/zfF8G1vn/samples-5-191.png
samples_5_192.png,https://i.postimg.cc/Vvd8grRR/samples-5-192.png
samples_5_193.png,https://i.postimg.cc/pTVx9153/samples-5-193.png
samples_5_194.png,https://i.postimg.cc/63HKCLdq/samples-5-194.png
samples_5_195.png,https://i.postimg.cc/fyphrzqh/samples-5-195.png
samples_5_196.png,https://i.postimg.cc/L4bRXD90/samples-5-196.png
samples_5_197.png,https://i.postimg.cc/zXHNRh3D/samples-5-197.png
samples_5_198.png,https://i.postimg.cc/6psXVQGr/samples-5-198.png
samples_5_199.png,https://i.postimg.cc/NMPhKGcr/samples-5-199.png
samples_5_2.png,https://i.postimg.cc/W42xSqpk/samples-5-2.png
samples_5_20.png,https://i.postimg.cc/NFh36JKg/samples-5-20.png
samples_5_200.png,https://i.postimg.cc/7ZgyKygp/samples-5-200.png
samples_5_201.png,https://i.postimg.cc/tgpGfmk7/samples-5-201.png
samples_5_202.png,https://i.postimg.cc/6QcxNLbc/samples-5-202.png
samples_5_203.png,https://i.postimg.cc/hjGW4zHB/samples-5-203.png
samples_5_204.png,https://i.postimg.cc/FHXMdn2G/samples-5-204.png
samples_5_205.png,https://i.postimg.cc/dQpPv06b/samples-5-205.png
samples_5_206.png,https://i.postimg.cc/0j6TDgkX/samples-5-206.png
samples_5_207.png,https://i.postimg.cc/7Z1pgn44/samples-5-207.png
samples_5_208.png,https://i.postimg.cc/gjffKMrz/samples-5-208.png
samples_5_209.png,https://i.postimg.cc/Jh6zMLGG/samples-5-209.png
samples_5_21.png,https://i.postimg.cc/vH7szs7C/samples-5-21.png
samples_5_210.png,https://i.postimg.cc/hjXPG5dM/samples-5-210.png
samples_5_211.png,https://i.postimg.cc/9MsXwYP2/samples-5-211.png
samples_5_212.png,https://i.postimg.cc/6qRWr4zv/samples-5-212.png
samples_5_213.png,https://i.postimg.cc/L6t4hfJd/samples-5-213.png
samples_5_214.png,https://i.postimg.cc/hGjKC5pg/samples-5-214.png
samples_5_215.png,https://i.postimg.cc/tRV4Q8y4/samples-5-215.png
samples_5_216.png,https://i.postimg.cc/ZKtKTjKF/samples-5-216.png
samples_5_217.png,https://i.postimg.cc/vZXQts73/samples-5-217.png
samples_5_218.png,https://i.postimg.cc/9Qcm9M9D/samples-5-218.png
samples_5_219.png,https://i.postimg.cc/XJB4WBRz/samples-5-219.png
samples_5_22.png,https://i.postimg.cc/zBRmRZXt/samples-5-22.png
samples_5_220.png,https://i.postimg.cc/xd4nB34m/samples-5-220.png
samples_5_221.png,https://i.postimg.cc/Fzjvd5sb/samples-5-221.png
samples_5_222.png,https://i.postimg.cc/Rhr9ZV9V/samples-5-222.png
samples_5_223.png,https://i.postimg.cc/YqzktHPM/samples-5-223.png
samples_5_224.png,https://i.postimg.cc/XNF4DFcZ/samples-5-224.png
samples_5_225.png,https://i.postimg.cc/fRWsLP4X/samples-5-225.png
samples_5_226.png,https://i.postimg.cc/zXr8mB0x/samples-5-226.png
samples_5_227.png,https://i.postimg.cc/Vk78bF1h/samples-5-227.png
samples_5_228.png,https://i.postimg.cc/JhGW3Bzz/samples-5-228.png
samples_5_229.png,https://i.postimg.cc/FRS585ct/samples-5-229.png
samples_5_23.png,https://i.postimg.cc/d38z42CG/samples-5-23.png
samples_5_230.png,https://i.postimg.cc/6QgxM58L/samples-5-230.png
samples_5_231.png,https://i.postimg.cc/RhQrC7XX/samples-5-231.png
samples_5_232.png,https://i.postimg.cc/MH828Pbn/samples-5-232.png
samples_5_233.png,https://i.postimg.cc/RV45sYZ8/samples-5-233.png
samples_5_234.png,https://i.postimg.cc/SQWbG4kC/samples-5-234.png
samples_5_235.png,https://i.postimg.cc/52tc1FvS/samples-5-235.png
samples_5_236.png,https://i.postimg.cc/gks9fKw0/samples-5-236.png
samples_5_237.png,https://i.postimg.cc/x1pwdT3D/samples-5-237.png
samples_5_238.png,https://i.postimg.cc/nLs69b3s/samples-5-238.png
samples_5_239.png,https://i.postimg.cc/0QDFZGRP/samples-5-239.png
samples_5_24.png,https://i.postimg.cc/T3CvzJ49/samples-5-24.png
samples_5_240.png,https://i.postimg.cc/XvTtwHPs/samples-5-240.png
samples_5_241.png,https://i.postimg.cc/HnmKNJd5/samples-5-241.png
samples_5_242.png,https://i.postimg.cc/ryG7r9N9/samples-5-242.png
samples_5_243.png,https://i.postimg.cc/x8P7V01Z/samples-5-243.png
samples_5_244.png,https://i.postimg.cc/GhcVJsMn/samples-5-244.png
samples_5_245.png,https://i.postimg.cc/J4PgT4gD/samples-5-245.png
samples_5_246.png,https://i.postimg.cc/y8xG2C4f/samples-5-246.png
samples_5_247.png,https://i.postimg.cc/RZYYBpvv/samples-5-247.png
samples_5_248.png,https://i.postimg.cc/Gps5hPpG/samples-5-248.png
samples_5_249.png,https://i.postimg.cc/zBZPLLLM/samples-5-249.png
samples_5_25.png,https://i.postimg.cc/9fk5MFVw/samples-5-25.png
samples_5_250.png,https://i.postimg.cc/j2RgXG44/samples-5-250.png
samples_5_251.png,https://i.postimg.cc/RF7pwMK0/samples-5-251.png
samples_5_252.png,https://i.postimg.cc/vHH26wBQ/samples-5-252.png
samples_5_253.png,https://i.postimg.cc/T2cHw3T7/samples-5-253.png
samples_5_254.png,https://i.postimg.cc/MHtsrds2/samples-5-254.png
samples_5_255.png,https://i.postimg.cc/RVss7p6w/samples-5-255.png
samples_5_256.png,https://i.postimg.cc/bvbmjz6R/samples-5-256.png
samples_5_257.png,https://i.postimg.cc/DwSCBQLH/samples-5-257.png
samples_5_258.png,https://i.postimg.cc/XYtshZgJ/samples-5-258.png
samples_5_259.png,https://i.postimg.cc/nzJ0F6gf/samples-5-259.png
samples_5_26.png,https://i.postimg.cc/dVqKNx43/samples-5-26.png
samples_5_260.png,https://i.postimg.cc/76nXfKrG/samples-5-260.png
samples_5_261.png,https://i.postimg.cc/8cyHbs5T/samples-5-261.png
samples_5_262.png,https://i.postimg.cc/SRQd8cmZ/samples-5-262.png
samples_5_263.png,https://i.postimg.cc/Y28b7DxT/samples-5-263.png
samples_5_264.png,https://i.postimg.cc/Gh5K8BVQ/samples-5-264.png
samples_5_265.png,https://i.postimg.cc/9FM1QP80/samples-5-265.png
samples_5_266.png,https://i.postimg.cc/XYB8wj00/samples-5-266.png
samples_5_267.png,https://i.postimg.cc/3wMZ1sK0/samples-5-267.png
samples_5_268.png,https://i.postimg.cc/DzqPMxZj/samples-5-268.png
samples_5_269.png,https://i.postimg.cc/wvgQ8DR6/samples-5-269.png
samples_5_27.png,https://i.postimg.cc/qvB9xCvC/samples-5-27.png
samples_5_270.png,https://i.postimg.cc/PxyztN11/samples-5-270.png
samples_5_271.png,https://i.postimg.cc/0jNGrxCF/samples-5-271.png
samples_5_272.png,https://i.postimg.cc/x8Fvz7xC/samples-5-272.png
samples_5_273.png,https://i.postimg.cc/nVdYgjFJ/samples-5-273.png
samples_5_274.png,https://i.postimg.cc/jdLQbx2J/samples-5-274.png
samples_5_275.png,https://i.postimg.cc/X7mKNRB1/samples-5-275.png
samples_5_276.png,https://i.postimg.cc/jjrzPyXz/samples-5-276.png
samples_5_277.png,https://i.postimg.cc/jSfHDMzx/samples-5-277.png
samples_5_278.png,https://i.postimg.cc/R0QwRqs2/samples-5-278.png
samples_5_279.png,https://i.postimg.cc/504Lk1Dy/samples-5-279.png
samples_5_28.png,https://i.postimg.cc/zXNm3Qm7/samples-5-28.png
samples_5_280.png,https://i.postimg.cc/DZxs9HKg/samples-5-280.png
samples_5_281.png,https://i.postimg.cc/4yntsPfT/samples-5-281.png
samples_5_282.png,https://i.postimg.cc/kGZS4SGR/samples-5-282.png
samples_5_283.png,https://i.postimg.cc/jdwN1M3H/samples-5-283.png
samples_5_284.png,https://i.postimg.cc/05HDZTn5/samples-5-284.png
samples_5_285.png,https://i.postimg.cc/cLf3xrS6/samples-5-285.png
samples_5_286.png,https://i.postimg.cc/X7RF69tT/samples-5-286.png
samples_5_287.png,https://i.postimg.cc/s2yhvsjm/samples-5-287.png
samples_5_288.png,https://i.postimg.cc/fLRSfC00/samples-5-288.png
samples_5_289.png,https://i.postimg.cc/tg5V6w7j/samples-5-289.png
samples_5_29.png,https://i.postimg.cc/9frKv5Tm/samples-5-29.png
samples_5_290.png,https://i.postimg.cc/63b2jZdb/samples-5-290.png
samples_5_291.png,https://i.postimg.cc/j2WWGjcx/samples-5-291.png
samples_5_292.png,https://i.postimg.cc/prg9xtcD/samples-5-292.png
samples_5_293.png,https://i.postimg.cc/sf8G5pfv/samples-5-293.png
samples_5_294.png,https://i.postimg.cc/FsLdp71G/samples-5-294.png
samples_5_295.png,https://i.postimg.cc/dVc7xwyF/samples-5-295.png
samples_5_296.png,https://i.postimg.cc/XYKZMmfC/samples-5-296.png
samples_5_297.png,https://i.postimg.cc/PNsq9QNy/samples-5-297.png
samples_5_298.png,https://i.postimg.cc/63PqLXXD/samples-5-298.png
samples_5_299.png,https://i.postimg.cc/KYJRjTsc/samples-5-299.png
samples_5_3.png,https://i.postimg.cc/0rRBSbHr/samples-5-3.png
samples_5_30.png,https://i.postimg.cc/prtShmSr/samples-5-30.png
samples_5_300.png,https://i.postimg.cc/0N8z9nnH/samples-5-300.png
samples_5_301.png,https://i.postimg.cc/G2t9ypZF/samples-5-301.png
samples_5_302.png,https://i.postimg.cc/Gts2X539/samples-5-302.png
samples_5_303.png,https://i.postimg.cc/Dftd7VXj/samples-5-303.png
samples_5_304.png,https://i.postimg.cc/FFfVtF7k/samples-5-304.png
samples_5_305.png,https://i.postimg.cc/YqYN9XNp/samples-5-305.png
samples_5_306.png,https://i.postimg.cc/52mw56kT/samples-5-306.png
samples_5_307.png,https://i.postimg.cc/nLRB5Nx1/samples-5-307.png
samples_5_308.png,https://i.postimg.cc/YC76m18Q/samples-5-308.png
samples_5_309.png,https://i.postimg.cc/Qtv5N5H9/samples-5-309.png
samples_5_31.png,https://i.postimg.cc/nhdNRcXS/samples-5-31.png
samples_5_310.png,https://i.postimg.cc/nLcq3pyz/samples-5-310.png
samples_5_311.png,https://i.postimg.cc/0QzDqZ21/samples-5-311.png
samples_5_312.png,https://i.postimg.cc/MHRBnTQs/samples-5-312.png
samples_5_313.png,https://i.postimg.cc/8krMKy0h/samples-5-313.png
samples_5_314.png,https://i.postimg.cc/65rRw8wq/samples-5-314.png
samples_5_315.png,https://i.postimg.cc/RV5fjck2/samples-5-315.png
samples_5_316.png,https://i.postimg.cc/NjbH9ZKw/samples-5-316.png
samples_5_317.png,https://i.postimg.cc/YCtFStq3/samples-5-317.png
samples_5_318.png,https://i.postimg.cc/mr51VM3X/samples-5-318.png
samples_5_319.png,https://i.postimg.cc/5t0FwpzQ/samples-5-319.png
samples_5_32.png,https://i.postimg.cc/ncGym1pJ/samples-5-32.png
samples_5_320.png,https://i.postimg.cc/1Xxn1QjD/samples-5-320.png
samples_5_321.png,https://i.postimg.cc/9MwRkMJW/samples-5-321.png
samples_5_322.png,https://i.postimg.cc/1Xpg9jk2/samples-5-322.png
samples_5_323.png,https://i.postimg.cc/m2szdTMs/samples-5-323.png
samples_5_324.png,https://i.postimg.cc/XNFBcrrL/samples-5-324.png
samples_5_325.png,https://i.postimg.cc/tCN1w8tV/samples-5-325.png
samples_5_326.png,https://i.postimg.cc/W1pDvSXY/samples-5-326.png
samples_5_327.png,https://i.postimg.cc/g2MxkR7z/samples-5-327.png
samples_5_328.png,https://i.postimg.cc/25M3nYmg/samples-5-328.png
samples_5_329.png,https://i.postimg.cc/1tFXHd3X/samples-5-329.png
samples_5_33.png,https://i.postimg.cc/CKXX0PHj/samples-5-33.png
samples_5_330.png,https://i.postimg.cc/CKzzZ5yj/samples-5-330.png
samples_5_331.png,https://i.postimg.cc/QCrtnqFb/samples-5-331.png
samples_5_332.png,https://i.postimg.cc/3NCRMDpH/samples-5-332.png
samples_5_333.png,https://i.postimg.cc/c1Q6tPz5/samples-5-333.png
samples_5_334.png,https://i.postimg.cc/rFMs1QXy/samples-5-334.png
samples_5_335.png,https://i.postimg.cc/GmSp1RB9/samples-5-335.png
samples_5_336.png,https://i.postimg.cc/mgrrqkg0/samples-5-336.png
samples_5_337.png,https://i.postimg.cc/Wb83XgTG/samples-5-337.png
samples_5_338.png,https://i.postimg.cc/d0kVsfd6/samples-5-338.png
samples_5_339.png,https://i.postimg.cc/q7PMzGxT/samples-5-339.png
samples_5_34.png,https://i.postimg.cc/ydR58mv2/samples-5-34.png
samples_5_340.png,https://i.postimg.cc/vTMYvHK2/samples-5-340.png
samples_5_341.png,https://i.postimg.cc/nzqV7Q3Q/samples-5-341.png
samples_5_342.png,https://i.postimg.cc/c1M4LwKp/samples-5-342.png
samples_5_343.png,https://i.postimg.cc/KjNZphSG/samples-5-343.png
samples_5_344.png,https://i.postimg.cc/sDjfQx7v/samples-5-344.png
samples_5_345.png,https://i.postimg.cc/sDTjpz4K/samples-5-345.png
samples_5_346.png,https://i.postimg.cc/s2h3dhd0/samples-5-346.png
samples_5_347.png,https://i.postimg.cc/13TyjKTq/samples-5-347.png
samples_5_348.png,https://i.postimg.cc/3xWK1qLh/samples-5-348.png
samples_5_349.png,https://i.postimg.cc/SsbkyxmQ/samples-5-349.png
samples_5_35.png,https://i.postimg.cc/5NbGfFvk/samples-5-35.png
samples_5_350.png,https://i.postimg.cc/pTQxyMdf/samples-5-350.png
samples_5_351.png,https://i.postimg.cc/6q9Kvb7D/samples-5-351.png
samples_5_352.png,https://i.postimg.cc/j2ZbQ6PC/samples-5-352.png
samples_5_353.png,https://i.postimg.cc/QC6sDg61/samples-5-353.png
samples_5_354.png,https://i.postimg.cc/fbxNyQ2w/samples-5-354.png
samples_5_355.png,https://i.postimg.cc/QNSjcsXC/samples-5-355.png
samples_5_356.png,https://i.postimg.cc/t4ny0xFn/samples-5-356.png
samples_5_357.png,https://i.postimg.cc/WbHjfnqP/samples-5-357.png
samples_5_358.png,https://i.postimg.cc/pXTRZ7TZ/samples-5-358.png
samples_5_359.png,https://i.postimg.cc/0Ngv9yCW/samples-5-359.png
samples_5_36.png,https://i.postimg.cc/Hn4hQpG2/samples-5-36.png
samples_5_360.png,https://i.postimg.cc/4dsTh2qp/samples-5-360.png
samples_5_361.png,https://i.postimg.cc/Pxynbzn9/samples-5-361.png
samples_5_362.png,https://i.postimg.cc/fybn8twL/samples-5-362.png
samples_5_363.png,https://i.postimg.cc/m2tWMHXp/samples-5-363.png
samples_5_364.png,https://i.postimg.cc/zvPm6zBk/samples-5-364.png
samples_5_365.png,https://i.postimg.cc/Kc9yRNNg/samples-5-365.png
samples_5_366.png,https://i.postimg.cc/TYFMc3Bd/samples-5-366.png
samples_5_367.png,https://i.postimg.cc/7Zzvtyyg/samples-5-367.png
samples_5_368.png,https://i.postimg.cc/ZqzG1DTX/samples-5-368.png
samples_5_369.png,https://i.postimg.cc/PqbghzJJ/samples-5-369.png
samples_5_37.png,https://i.postimg.cc/ZYr2kL9d/samples-5-37.png
samples_5_370.png,https://i.postimg.cc/Y9pJSGL3/samples-5-370.png
samples_5_371.png,https://i.postimg.cc/xCtBNfKS/samples-5-371.png
samples_5_372.png,https://i.postimg.cc/prr4DwZ5/samples-5-372.png
samples_5_373.png,https://i.postimg.cc/br5MLmCC/samples-5-373.png
samples_5_374.png,https://i.postimg.cc/65Dgv1GT/samples-5-374.png
samples_5_375.png,https://i.postimg.cc/qBD9k7Js/samples-5-375.png
samples_5_376.png,https://i.postimg.cc/rFd7zLsv/samples-5-376.png
samples_5_377.png,https://i.postimg.cc/cLwjMMQh/samples-5-377.png
samples_5_378.png,https://i.postimg.cc/mr4ndzjs/samples-5-378.png
samples_5_379.png,https://i.postimg.cc/FRsB4MwC/samples-5-379.png
samples_5_38.png,https://i.postimg.cc/3J1qNJFr/samples-5-38.png
samples_5_380.png,https://i.postimg.cc/wBkGnq4s/samples-5-380.png
samples_5_381.png,https://i.postimg.cc/qMCZ4XZr/samples-5-381.png
samples_5_382.png,https://i.postimg.cc/P5sVxpBw/samples-5-382.png
samples_5_383.png,https://i.postimg.cc/Tw7HYk6d/samples-5-383.png
samples_5_384.png,https://i.postimg.cc/ZnWs9rbr/samples-5-384.png
samples_5_385.png,https://i.postimg.cc/zDQPsP7p/samples-5-385.png
samples_5_386.png,https://i.postimg.cc/3NzS2dNz/samples-5-386.png
samples_5_387.png,https://i.postimg.cc/vZrq68sS/samples-5-387.png
samples_5_388.png,https://i.postimg.cc/BvJh5WZZ/samples-5-388.png
samples_5_389.png,https://i.postimg.cc/TPQtCkhV/samples-5-389.png
samples_5_39.png,https://i.postimg.cc/8C2K9FN4/samples-5-39.png
samples_5_390.png,https://i.postimg.cc/4dSBTm6n/samples-5-390.png
samples_5_391.png,https://i.postimg.cc/633YSdGD/samples-5-391.png
samples_5_392.png,https://i.postimg.cc/Kj3Qcxff/samples-5-392.png
samples_5_393.png,https://i.postimg.cc/tR1Hn6mS/samples-5-393.png
samples_5_394.png,https://i.postimg.cc/F1tp78n4/samples-5-394.png
samples_5_395.png,https://i.postimg.cc/K8bXWHcw/samples-5-395.png
samples_5_396.png,https://i.postimg.cc/GhGwqCRv/samples-5-396.png
samples_5_397.png,https://i.postimg.cc/9XvHdf6W/samples-5-397.png
samples_5_398.png,https://i.postimg.cc/d1LgdMnk/samples-5-398.png
samples_5_399.png,https://i.postimg.cc/Gmj0nxH2/samples-5-399.png
samples_5_4.png,https://i.postimg.cc/zBv6YmgD/samples-5-4.png
samples_5_40.png,https://i.postimg.cc/g2BByS7f/samples-5-40.png
samples_5_400.png,https://i.postimg.cc/BvZrSPKC/samples-5-400.png
samples_5_401.png,https://i.postimg.cc/k4zzvjhj/samples-5-401.png
samples_5_402.png,https://i.postimg.cc/bv6KsY0f/samples-5-402.png
samples_5_403.png,https://i.postimg.cc/d3CXH8bJ/samples-5-403.png
samples_5_404.png,https://i.postimg.cc/L4gr8pnG/samples-5-404.png
samples_5_405.png,https://i.postimg.cc/WbMC0wmn/samples-5-405.png
samples_5_406.png,https://i.postimg.cc/wj2rGxGR/samples-5-406.png
samples_5_407.png,https://i.postimg.cc/QdhPmK0r/samples-5-407.png
samples_5_408.png,https://i.postimg.cc/CLy9ZQ85/samples-5-408.png
samples_5_409.png,https://i.postimg.cc/HLLNDGqZ/samples-5-409.png
samples_5_41.png,https://i.postimg.cc/YCSsWKd6/samples-5-41.png
samples_5_410.png,https://i.postimg.cc/wBbG9fH6/samples-5-410.png
samples_5_411.png,https://i.postimg.cc/9MRN0dFy/samples-5-411.png
samples_5_412.png,https://i.postimg.cc/C13rqRzX/samples-5-412.png
samples_5_413.png,https://i.postimg.cc/MH1PbzBT/samples-5-413.png
samples_5_414.png,https://i.postimg.cc/gchTPH7W/samples-5-414.png
samples_5_415.png,https://i.postimg.cc/J4Wd7BwB/samples-5-415.png
samples_5_416.png,https://i.postimg.cc/BnmhCYjx/samples-5-416.png
samples_5_417.png,https://i.postimg.cc/5247Ld24/samples-5-417.png
samples_5_418.png,https://i.postimg.cc/pXYcmXxc/samples-5-418.png
samples_5_419.png,https://i.postimg.cc/tg7Bv368/samples-5-419.png
samples_5_42.png,https://i.postimg.cc/FKdCTb51/samples-5-42.png
samples_5_420.png,https://i.postimg.cc/mrq8vPNk/samples-5-420.png
samples_5_421.png,https://i.postimg.cc/yxhj3vq3/samples-5-421.png
samples_5_422.png,https://i.postimg.cc/TY9QR7qZ/samples-5-422.png
samples_5_423.png,https://i.postimg.cc/XJCQ4nQ8/samples-5-423.png
samples_5_424.png,https://i.postimg.cc/wMYFBnrd/samples-5-424.png
samples_5_425.png,https://i.postimg.cc/057c4265/samples-5-425.png
samples_5_426.png,https://i.postimg.cc/7YDmr873/samples-5-426.png
samples_5_427.png,https://i.postimg.cc/05G0fW3b/samples-5-427.png
samples_5_428.png,https://i.postimg.cc/DzWcP2kT/samples-5-428.png
samples_5_429.png,https://i.postimg.cc/httshL2h/samples-5-429.png
samples_5_43.png,https://i.postimg.cc/Twn76RP6/samples-5-43.png
samples_5_430.png,https://i.postimg.cc/jjG48GtJ/samples-5-430.png
samples_5_431.png,https://i.postimg.cc/qqrXrytJ/samples-5-431.png
samples_5_432.png,https://i.postimg.cc/vZ2zn4Kh/samples-5-432.png
samples_5_433.png,https://i.postimg.cc/NFx8jFT1/samples-5-433.png
samples_5_434.png,https://i.postimg.cc/XJdctQY1/samples-5-434.png
samples_5_435.png,https://i.postimg.cc/m2bN63fV/samples-5-435.png
samples_5_436.png,https://i.postimg.cc/CLmHyZw0/samples-5-436.png
samples_5_437.png,https://i.postimg.cc/y8xh7VNZ/samples-5-437.png
samples_5_438.png,https://i.postimg.cc/BnzT6d8w/samples-5-438.png
samples_5_439.png,https://i.postimg.cc/N0r1rpmG/samples-5-439.png
samples_5_44.png,https://i.postimg.cc/kG9jMkVt/samples-5-44.png
samples_5_440.png,https://i.postimg.cc/3R52jmFX/samples-5-440.png
samples_5_441.png,https://i.postimg.cc/Rhvfym8q/samples-5-441.png
samples_5_442.png,https://i.postimg.cc/bJxkmrmK/samples-5-442.png
samples_5_443.png,https://i.postimg.cc/RhGfz85d/samples-5-443.png
samples_5_444.png,https://i.postimg.cc/G3jvYB8D/samples-5-444.png
samples_5_445.png,https://i.postimg.cc/5NNLmxLR/samples-5-445.png
samples_5_446.png,https://i.postimg.cc/28cvcPx8/samples-5-446.png
samples_5_447.png,https://i.postimg.cc/zGyh90dw/samples-5-447.png
samples_5_448.png,https://i.postimg.cc/P50DhYcg/samples-5-448.png
samples_5_449.png,https://i.postimg.cc/25vZ53NV/samples-5-449.png
samples_5_45.png,https://i.postimg.cc/vTz04392/samples-5-45.png
samples_5_450.png,https://i.postimg.cc/vBtxWjBy/samples-5-450.png
samples_5_451.png,https://i.postimg.cc/FR4JkmhG/samples-5-451.png
samples_5_452.png,https://i.postimg.cc/RhC6GR6H/samples-5-452.png
samples_5_453.png,https://i.postimg.cc/zDpRv96S/samples-5-453.png
samples_5_454.png,https://i.postimg.cc/L5yqW1L0/samples-5-454.png
samples_5_455.png,https://i.postimg.cc/Hsx8y6CG/samples-5-455.png
samples_5_456.png,https://i.postimg.cc/zfmy45H5/samples-5-456.png
samples_5_457.png,https://i.postimg.cc/j5tLdXhF/samples-5-457.png
samples_5_458.png,https://i.postimg.cc/LszJp7jP/samples-5-458.png
samples_5_459.png,https://i.postimg.cc/4xHK8ndB/samples-5-459.png
samples_5_46.png,https://i.postimg.cc/h4byZPw8/samples-5-46.png
samples_5_460.png,https://i.postimg.cc/ZKMBF6TW/samples-5-460.png
samples_5_461.png,https://i.postimg.cc/zvPB71Ys/samples-5-461.png
samples_5_462.png,https://i.postimg.cc/2y5ynSMd/samples-5-462.png
samples_5_463.png,https://i.postimg.cc/qRwgt3bM/samples-5-463.png
samples_5_464.png,https://i.postimg.cc/xCf1Sdfr/samples-5-464.png
samples_5_465.png,https://i.postimg.cc/28MyBmwv/samples-5-465.png
samples_5_466.png,https://i.postimg.cc/J4GtntbM/samples-5-466.png
samples_5_467.png,https://i.postimg.cc/V6KLscvJ/samples-5-467.png
samples_5_468.png,https://i.postimg.cc/sfnvs5GT/samples-5-468.png
samples_5_469.png,https://i.postimg.cc/DwGZrDjN/samples-5-469.png
samples_5_47.png,https://i.postimg.cc/QdP0KB9D/samples-5-47.png
samples_5_470.png,https://i.postimg.cc/hGbtwmqb/samples-5-470.png
samples_5_471.png,https://i.postimg.cc/tgHg2584/samples-5-471.png
samples_5_472.png,https://i.postimg.cc/zv3DVPH0/samples-5-472.png
samples_5_473.png,https://i.postimg.cc/XqhjFcw3/samples-5-473.png
samples_5_474.png,https://i.postimg.cc/zDPX954M/samples-5-474.png
samples_5_475.png,https://i.postimg.cc/Nf9ftSc0/samples-5-475.png
samples_5_476.png,https://i.postimg.cc/13DmnF4h/samples-5-476.png
samples_5_477.png,https://i.postimg.cc/WbBp18Nw/samples-5-477.png
samples_5_478.png,https://i.postimg.cc/TPGRrPWy/samples-5-478.png
samples_5_479.png,https://i.postimg.cc/jjXRvrzM/samples-5-479.png
samples_5_48.png,https://i.postimg.cc/DyvC93k9/samples-5-48.png
samples_5_480.png,https://i.postimg.cc/RFp45Qpf/samples-5-480.png
samples_5_481.png,https://i.postimg.cc/bJwpBFgp/samples-5-481.png
samples_5_482.png,https://i.postimg.cc/VvS1Yr2h/samples-5-482.png
samples_5_483.png,https://i.postimg.cc/MHhwXZSp/samples-5-483.png
samples_5_484.png,https://i.postimg.cc/MZ4q95QJ/samples-5-484.png
samples_5_485.png,https://i.postimg.cc/5NC1TzBY/samples-5-485.png
samples_5_486.png,https://i.postimg.cc/P5nhjqy6/samples-5-486.png
samples_5_487.png,https://i.postimg.cc/wj5zTdb9/samples-5-487.png
samples_5_488.png,https://i.postimg.cc/N0gcKPWm/samples-5-488.png
samples_5_489.png,https://i.postimg.cc/B6bfgPZv/samples-5-489.png
samples_5_49.png,https://i.postimg.cc/ZKwfZsJC/samples-5-49.png
samples_5_490.png,https://i.postimg.cc/rpQLxNkb/samples-5-490.png
samples_5_491.png,https://i.postimg.cc/W3yLfptw/samples-5-491.png
samples_5_492.png,https://i.postimg.cc/bdcXp6xG/samples-5-492.png
samples_5_493.png,https://i.postimg.cc/C5fTyyqT/samples-5-493.png
samples_5_494.png,https://i.postimg.cc/G3Z94dzD/samples-5-494.png
samples_5_495.png,https://i.postimg.cc/c1Kr1r7Z/samples-5-495.png
samples_5_496.png,https://i.postimg.cc/WbgzrCfH/samples-5-496.png
samples_5_497.png,https://i.postimg.cc/3xZwfphj/samples-5-497.png
samples_5_498.png,https://i.postimg.cc/kgC4ys0X/samples-5-498.png
samples_5_499.png,https://i.postimg.cc/xdT1wCjw/samples-5-499.png
samples_5_5.png,https://i.postimg.cc/SRzPjWdw/samples-5-5.png
samples_5_50.png,https://i.postimg.cc/52jst5tp/samples-5-50.png
samples_5_500.png,https://i.postimg.cc/D0fFRpc7/samples-5-500.png
samples_5_51.png,https://i.postimg.cc/5tCpBxLC/samples-5-51.png
samples_5_52.png,https://i.postimg.cc/gjYDb85V/samples-5-52.png
samples_5_53.png,https://i.postimg.cc/MT0DLdsZ/samples-5-53.png
samples_5_54.png,https://i.postimg.cc/1t1BMLrY/samples-5-54.png
samples_5_55.png,https://i.postimg.cc/d349sDPz/samples-5-55.png
samples_5_56.png,https://i.postimg.cc/NfCxZyxX/samples-5-56.png
samples_5_57.png,https://i.postimg.cc/mZwjNpz8/samples-5-57.png
samples_5_58.png,https://i.postimg.cc/02yftG7x/samples-5-58.png
samples_5_59.png,https://i.postimg.cc/y8JTKVfb/samples-5-59.png
samples_5_6.png,https://i.postimg.cc/RFY8MP77/samples-5-6.png
samples_5_60.png,https://i.postimg.cc/43VbKWRv/samples-5-60.png
samples_5_61.png,https://i.postimg.cc/Jz9549v4/samples-5-61.png
samples_5_62.png,https://i.postimg.cc/pTBfCyTp/samples-5-62.png
samples_5_63.png,https://i.postimg.cc/wvz5DD9C/samples-5-63.png
samples_5_64.png,https://i.postimg.cc/kMfNtVzH/samples-5-64.png
samples_5_65.png,https://i.postimg.cc/nrcvPZjT/samples-5-65.png
samples_5_66.png,https://i.postimg.cc/wMfhKPDz/samples-5-66.png
samples_5_67.png,https://i.postimg.cc/dQBwYFpv/samples-5-67.png
samples_5_68.png,https://i.postimg.cc/5N219GWz/samples-5-68.png
samples_5_69.png,https://i.postimg.cc/157S8Hyj/samples-5-69.png
samples_5_7.png,https://i.postimg.cc/dtGqxdFH/samples-5-7.png
samples_5_70.png,https://i.postimg.cc/FHf43LRs/samples-5-70.png
samples_5_71.png,https://i.postimg.cc/y8wzP8gh/samples-5-71.png
samples_5_72.png,https://i.postimg.cc/fbmQgQmG/samples-5-72.png
samples_5_73.png,https://i.postimg.cc/KzbS6p5R/samples-5-73.png
samples_5_74.png,https://i.postimg.cc/Y0X5mrBW/samples-5-74.png
samples_5_75.png,https://i.postimg.cc/xCPDnGsg/samples-5-75.png
samples_5_76.png,https://i.postimg.cc/Xq7MJZmW/samples-5-76.png
samples_5_77.png,https://i.postimg.cc/hPvWRdVb/samples-5-77.png
samples_5_78.png,https://i.postimg.cc/Cxn3zpPR/samples-5-78.png
samples_5_79.png,https://i.postimg.cc/fTP4zRK4/samples-5-79.png
samples_5_8.png,https://i.postimg.cc/tRKqkkKn/samples-5-8.png
samples_5_80.png,https://i.postimg.cc/3rn5qB0x/samples-5-80.png
samples_5_81.png,https://i.postimg.cc/jjVGf3mZ/samples-5-81.png
samples_5_82.png,https://i.postimg.cc/R0c2LQz9/samples-5-82.png
samples_5_83.png,https://i.postimg.cc/rmM3n084/samples-5-83.png
samples_5_84.png,https://i.postimg.cc/G2KNZL25/samples-5-84.png
samples_5_85.png,https://i.postimg.cc/Wz4KVBqb/samples-5-85.png
samples_5_86.png,https://i.postimg.cc/v8PkhZC1/samples-5-86.png
samples_5_87.png,https://i.postimg.cc/vTSKZ057/samples-5-87.png
samples_5_88.png,https://i.postimg.cc/VLdTVccK/samples-5-88.png
samples_5_89.png,https://i.postimg.cc/GhVN0SLd/samples-5-89.png
samples_5_9.png,https://i.postimg.cc/nVjVqgPt/samples-5-9.png
samples_5_90.png,https://i.postimg.cc/L8PWmB5f/samples-5-90.png
samples_5_91.png,https://i.postimg.cc/6QL1vWdp/samples-5-91.png
samples_5_92.png,https://i.postimg.cc/fLzq7GKj/samples-5-92.png
samples_5_93.png,https://i.postimg.cc/25fKybLt/samples-5-93.png
samples_5_94.png,https://i.postimg.cc/1tvCvv7x/samples-5-94.png
samples_5_95.png,https://i.postimg.cc/Bbthk2Rj/samples-5-95.png
samples_5_96.png,https://i.postimg.cc/59kKvkFL/samples-5-96.png
samples_5_97.png,https://i.postimg.cc/j298bLrZ/samples-5-97.png
samples_5_98.png,https://i.postimg.cc/FsdWxgjq/samples-5-98.png
samples_5_99.png,https://i.postimg.cc/g23gCztH/samples-5-99.png